ID,YEAR,REGION,FESTIVAL_NAME,IMAGE_PATH,Aesthetic,Aesthetic_Description,Thematic,Thematic_Description,Readability,Readability_Description,Creativity,Creativity_Description
경남_4,2025,경남,2025_김해문화재야행,C:\workspace\uv_festival\홍보물\2025\경남\2025_김해문화재야행\포스터\2025_김해문화제야행_poster_01_20241017.jpg,9,풍부한 색채와 명암 대비로 신비로운 밤하늘 분위기를 효과적으로 연출했습니다. 중심에 배치된 달과 텍스트가 균형을 이루며 조형적 완성도가 매우 높습니다.,9,"‘밤빛’과 ‘문화유산’이라는 주제가 시각적으로 일관되게 표현되어 있습니다. 텍스트와 이미지, 콘셉트가 조화를 이루며 행사의 의미를 잘 전달합니다.",8,"글자와 배경의 충분한 대비로 가독성이 우수하며, 정보의 계층적 구성이 명확합니다. 시선이 자연스럽게 흐르도록 배치되어 전체적인 이해도를 높입니다.",8,전통적 소재와 현대적 디지털 일러스트가 조화롭게 어우러져 형식적 변주가 돋보입니다. 색상과 구성이 참신하며 독창적인 분위기를 자아냅니다.
경남_6,2025,경남,2025_양산삽량문화축전,C:\workspace\uv_festival\홍보물\2025\경남\2025_양산삽량문화축전\포스터\2025_양산삽량문화축전_poster_05_20250926.png,7,"진한 남색 배경에 노란색 글씨가 명확한 대비를 이루며 시선을 집중시킨다. 중앙에 균형 잡힌 배치로 시각적 안정감을 주고, 글씨와 배경의 조형적 통일감이 좋다.",8,축제의 전통적 정체성을 강조하는 한자와 궁궐 이미지를 활용해 주제를 잘 반영했다. 텍스트와 이미지가 동양 문화 축제라는 콘셉트와 일관되게 맞아떨어진다.,9,"글자 색상과 배경의 대비가 뚜렷해 가독성이 뛰어나며, 제목과 날짜 등의 정보가 명확한 계층 구조로 배치되어 이해하기 쉽다. 시선 흐름도 자연스러워 정보 전달에 효과적이다.",6,"전통적인 축제 포스터 디자인 문법을 따르면서도 색상 대비를 활용한 점은 신선하지만, 전체적인 구성과 시각적 패턴에는 큰 독창성이 느껴지지 않는다."
경남_5,2025,경남,2025_물금벚꽃축제,C:\workspace\uv_festival\홍보물\2025\경남\2025_물금벚꽃축제\포스터\2025_물금벚꽃축제_poster_01_20250329.jpg,8.5,부드럽고 조화로운 파스텔 톤의 분홍색과 하늘색이 봄꽃 축제의 분위기를 잘 표현했습니다. 중심에 정렬된 텍스트와 하단의 풍경 일러스트가 균형감 있게 배치되어 안정적인 구도를 이루고 있습니다.,9.0,벚꽃과 봄철 풍경을 시각적으로 직관적으로 표현해 제목과 행사 내용이 잘 연결되어 있습니다. 전체적으로 봄꽃 축제 주제에 맞는 일관된 콘셉트가 유지되어 행사의 의미 전달이 명확합니다.,7.5,"하늘색 배경과 흰색 및 분홍색 텍스트의 대비가 비교적 명확해 기본적인 가독성은 좋습니다. 다만 세로 배열의 텍스트가 익숙하지 않아 시선 이동이 약간 불편할 수 있으나, 정보를 계층적으로 잘 구성했습니다.",7.0,전통적인 봄꽃 축제 포스터 형식을 따르면서도 세로 텍스트 배열과 아기자기한 일러스트가 신선한 시도를 보여줍니다. 다만 전체적인 구성과 표현 방법은 비교적 일반적인 편이라 독창성 측면에서 약간 아쉽습니다.
경남_8,2025,경남,2025_원동미나리축제,C:\workspace\uv_festival\홍보물\2025\경남\2025_원동미나리축제\포스터\2025_원동미나리축제_poster_05_20250222.jpg,7,"색채 구성은 파스텔톤과 원색의 조화가 적절하며 자연 친화적인 분위기를 잘 살렸습니다. 구도는 상하로 명확히 구분되어 안정감을 주지만, 텍스트 배치가 다소 단조롭고 리듬감이 약간 떨어집니다.",8,텍스트와 이미지가 원동 미나리축제의 자연환경을 효과적으로 반영하여 주제와 잘 부합합니다. 하지만 ‘2026년 양산 방문의 해 성공 기원’ 문구가 시각적 강조나 연계가 약해 콘셉트 일관성에서 약간 손실이 있습니다.,8,"배경과 텍스트 간의 대비가 충분하여 가독성이 우수합니다. 정보는 계층별로 잘 구분되어 있으며 시선 흐름도 자연스럽지만, 일부 작은 글씨는 멀리서 식별하기 어려울 수 있습니다.",6,일러스트를 활용한 친근한 표현 방식은 무난하나 독창적인 시각 요소나 참신한 구성이 부족합니다. 기존 축제 홍보물의 형식을 크게 벗어나지 않아 신선함이 다소 떨어집니다.
경남_3,2025,경남,2025_고향사랑_방문의_해_기념_꽃_피는_남해,C:\workspace\uv_festival\홍보물\2025\경남\2025_고향사랑_방문의_해_기념_꽃_피는_남해\포스터\2025_고향사랑_방문의_해_기념_꽃_피는_남해_poster_01_20250328.jpg,8,"부드러운 파스텔 톤의 색채구성이 조화롭고, 명도와 채도의 대비가 적절해 안정적인 시각 효과를 줍니다. 구도는 중앙에 제목을 배치하여 균형감이 뛰어나고, 배경과 어우러진 꽃과 다리 일러스트가 전체적인 완성도를 높였습니다.",9,포스터의 이미지와 텍스트가 고향 방문과 봄꽃 축제라는 주제를 명확히 전달하며 일관된 콘셉트를 유지합니다. 꽃과 남해대교 등의 시각적 요소가 행사 취지와 잘 맞아떨어져 의미적 연결성이 높습니다.,7,"제목과 행사 정보의 계층적 구성이 잘 되어 있으나, 하단 노란 배경 위의 작은 글씨는 대비가 다소 약해 가독성이 떨어질 수 있습니다. 시선 흐름은 자연스럽지만 일부 텍스트 크기와 색상 조정이 필요해 보입니다.",7,"사계절 중 봄을 상징하는 벚꽃과 노란 유채꽃을 조합한 표현이 신선하며, 다리와 꽃을 활용한 구성이 참신합니다. 다만 전반적인 형식은 전통적인 축제 포스터 문법을 따르고 있어 완전한 독창성 면에서는 약간 아쉽습니다."
경남_7,2025,경남,2025_원동매화축제,C:\workspace\uv_festival\홍보물\2025\경남\2025_원동매화축제\포스터\2025_원동매화축제_poster_01_20250301.jpg,7.5,"전체적으로 분홍색 계열과 녹색 배경의 색상 조화가 부드럽고 편안하다. 중앙 정렬로 안정적인 구도를 이루며, 꽃과 집 일러스트의 통일감이 있다. 다만, 색상의 명도 대비가 다소 약해 시선 유도가 극적으로 드러나진 않는다.",8.0,"‘원동 매화 축제’라는 제목과 봄꽃, 주말장터 등 이미지가 잘 어우러져 주제가 명확하게 전달된다. 텍스트와 시각 요소의 콘셉트 일관성이 높아 행사 취지와 분위기를 잘 반영한다. 다만 축제의 특색을 좀 더 시각적으로 드러내면 좋을 듯하다.",8.5,"텍스트와 배경의 대비가 충분해 주요 정보가 명확히 판독된다. 날짜, 장소, 제목 등의 정보 구조가 계층적으로 잘 배열되어 한눈에 파악하기 쉽다. 시선 흐름도 자연스럽게 상단에서 하단으로 이어진다.",6.5,"전통적인 축제 포스터 형식을 충실히 반영하였으나, 특별히 독창적이거나 참신한 시도는 적다. 꽃과 집이라는 친숙한 모티프 사용은 무난하나 독창성 측면에서는 다소 평범한 편이다. 약간의 시각적 변화를 더하면 좋겠다."
경남_1,2025,경남,2025_가야문화축제,C:\workspace\uv_festival\홍보물\2025\경남\2025_가야문화축제\포스터\2025_가야문화축제_poster_02_20250411.jpg,8,"전통적인 색채 구성과 현대적 채도의 조화가 잘 이루어졌으며, 중심 배치와 형태 리듬이 안정적인 구도를 형성합니다. 일러스트 스타일이 전체적으로 통일되어 있어 조형 완성도가 높습니다.",9,"제목과 이미지, 행사 일자 및 장소 정보가 명확하게 연결되어 있어 주제가 잘 드러납니다. 고대 가야 문화와 지역성을 강조하는 콘셉트가 시각적으로 일관되며 잘 전달됩니다.",7,"배경과 텍스트 간의 대비가 적절하여 기본적인 가독성은 확보되었으나, 일부 강조색이 시선 분산을 야기할 수 있습니다. 정보의 계층 구조는 명료하지만 시선의 자연스러운 흐름 개선 여지가 있습니다.",7,"전통문화 축제 포스터로서 시각 패턴과 모티프에 창의적인 접근이 있으나, 형식적 변주 면에서는 다소 보수적인 편입니다. 그러나 전통적 요소와 현대적 색감의 조화에서 독자성이 엿보입니다."
경남_2,2025,경남,2025_거창한마당대축제,C:\workspace\uv_festival\홍보물\2025\경남\2025_거창한마당대축제\포스터\2025_거창한마당대축제_poster_01_20250925.jpg,8.5,"색채 구성은 짙은 밤하늘과 밝은 전경이 대비를 이루어 시각적 안정감을 준다. 구도는 중심에 크게 배치된 텍스트와 주변의 작은 일러스트가 균형을 잘 잡고 있으며, 일러스트와 텍스트가 조화롭게 어우러져 완성도가 높다.",9.0,"축제의 전통성과 지역성을 잘 반영한 요소들이 텍스트와 이미지에 일관되게 표현되었다. 텍스트와 시각적 요소가 서로 연관되어 행사 주제를 명확히 전달하며, 전체적인 콘셉트가 효과적으로 매칭된다.",8.0,"글자와 배경색의 대비가 좋아 텍스트 판독성이 높으나, 과도한 일러스트 배치로 인해 일부 시선 흐름이 다소 분산된다. 정보는 제목과 날짜, 장소 순으로 잘 구조화되어 있어 이해가 쉽다.",7.5,"전통 축제라는 주제를 일러스트와 함께 구성한 점이 참신하지만, 전체적으로 기존 축제 포스터 문법에서 크게 벗어나지 않는다. 다채로운 시각 패턴과 동적인 인물 묘사가 창의성을 보완한다."
경남_9,2025,경남,2025년_거제여름해양축제,C:\workspace\uv_festival\홍보물\2025\경남\2025년_거제여름해양축제\포스터\2025년_거제여름해양축제_poster_01_20250725.jpg,7,"색채 구성은 청색 배경과 노란색, 흰색, 분홍색 텍스트의 대비가 뚜렷하여 시각적 집중이 용이합니다. 구도는 중앙 정렬과 텍스트 크기의 변주로 안정감을 주며, 불꽃 일러스트가 배경에 조화롭게 배치되어 조형 완성도가 높습니다.",8,"텍스트와 이미지, 로고가 모두 여름 해양 축제라는 주제를 명확히 반영하여 콘셉트 일관성이 뛰어납니다. '해양축제'라는 키워드와 수변공원, 해수욕장 장소 정보가 시각·언어적으로 잘 매칭되어 있습니다.",9,"배경과 글자 색 대비가 우수하여 판독성이 매우 좋고, 정보의 위계가 명확하게 구분되어 있습니다. 시선의 자연스러운 흐름을 유도하며 행사명, 일정, 장소, 개막식 정보가 단계적으로 잘 배치되어 있습니다.",6,전체적으로 전통적인 축제 포스터 구성을 따르며 크게 새롭지 않은 편입니다. 다만 불꽃 모티프와 일부 텍스트 형식에 약간의 변주가 있어 평범함 속 약간의 독창성이 보입니다.
경남_12,2025,경남,거제맹종대나무축제,C:\workspace\uv_festival\홍보물\2025\경남\거제맹종대나무축제\포스터\거제맹종대나무축제_poster_05_20250425.jpg,5.5,"밝고 부드러운 녹색 계열로 편안한 분위기를 조성했으나, 색채 대비가 다소 약하고 시각적 균형감이 부족합니다. 주요 요소들이 다소 분산되어 통일감이 떨어지는 편입니다.",6.5,"대나무 축제라는 주제가 제목과 일부 이미지 요소에서 드러나지만, 전체적으로 주제와 시각 요소 간의 연결성이 다소 약합니다. 텍스트와 이미지 간 의미적 조화가 더 강화될 필요가 있습니다.",4.0,"텍스트 대비가 낮아 판독성이 떨어지고, 특히 노란색 배경 위 핑크색 글자의 가독성이 매우 낮습니다. 정보 배열이 명확하지 않아 시선 흐름이 자연스럽지 못합니다.",5.0,"기존 축제 포스터 형식에서 크게 벗어나지 않는 전형적 구성을 사용하였으며, 시각적 모티프와 표현 방식에 독창성이 다소 부족합니다. 새로운 시도보다는 안전한 디자인 경향입니다."
경남_13,2025,경남,경남고성공룡세계엑스포,C:\workspace\uv_festival\홍보물\2025\경남\경남고성공룡세계엑스포\포스터\경남고성공룡세계엑스포_poster_01_20251001.jpg,9,"다채롭고 선명한 색채 구성으로 시선을 끌며, 명도와 채도 대비가 뛰어납니다. 중앙 집중형 구도로 시각적 안정감을 주고 캐릭터들의 형태 리듬이 조화롭게 배치되어 완성도가 높습니다.",9,"공룡과 춤추는 즐거운 분위기가 제목과 이미지, 텍스트가 잘 어우러져 행사 주제와 일관성을 잘 보여줍니다. 아이들과 공룡 캐릭터가 조화롭게 표현되어 콘셉트가 명확합니다.",8,"주요 정보인 제목과 일정, 장소가 명확히 구분되어 있으며 색 대비가 좋아 읽기 쉽습니다. 다만 일부 작은 글씨(사이트 주소, QR 코드 주변)가 다소 복잡해 가독성에 약간의 부담이 있습니다.",8,공룡 캐릭터에 귀여운 악세서리와 표정을 더해 친근하고 독특한 연출을 시도한 점이 신선합니다. 기존 축제 포스터 형식을 따르면서도 밝고 역동적인 패턴 변주가 돋보입니다.
경남_10,2025,경남,2025년_사천시_삼천포항_수산물축제,C:\workspace\uv_festival\홍보물\2025\경남\2025년_사천시_삼천포항_수산물축제\포스터\2025년_사천시_삼천포항_수산물축제_poster_01_20250523.jpg,7.5,"밝고 산뜻한 색채 구성으로 해양 축제의 분위기를 잘 살렸습니다. 중심 인물과 물고기 일러스트의 위치 배치가 균형 잡혀 시각적으로 안정감을 줍니다. 다만, 전체적으로 정보가 많아 조금 복잡해 보이는 점이 아쉽습니다.",9,"수산물 축제라는 주제가 이미지, 텍스트, 이벤트 내용과 잘 연결되어 명확하게 드러납니다. 바다와 수산물 일러스트, 축제 날짜 및 장소도 일관된 콘셉트로 표현되어 행사의 핵심 테마가 잘 전달됩니다.",6.5,"빨간색 날짜와 장소 정보가 배경과 대비되어 눈에 잘 띄지만, 하단 인물 사진과 이름 텍스트가 다소 작고 글자 색 대비가 약해 가독성이 낮은 부분이 있습니다. 전체적으로 정보량이 많아 시선 이동이 다소 분산될 수 있습니다.",6,전통적인 축제 포스터 형식을 따르면서도 일러스트 캐릭터를 활용한 점은 신선합니다. 다만 형식적 변주가 크지 않고 색상이나 모티프의 다양성 측면에서 참신함이 다소 부족해 보입니다.
경남_11,2025,경남,ON산청_빛나는_여름밤_페스티벌,C:\workspace\uv_festival\홍보물\2025\경남\ON산청_빛나는_여름밤_페스티벌\포스터\ON산청_빛나는_여름밤_페스티벌_poster_01_20250727.jpg,8,명도와 채도가 조화롭게 구성되어 밤하늘과 빛나는 요소들이 잘 어우러져 있음. 주요 타이틀이 중앙에 균형 있게 배치되어 시각적 안정감을 제공. 일러스트와 사진 이미지가 통일감 있게 구성되어 전반적인 완성도가 높음.,9,"텍스트와 시각 이미지가 축제의 밤이라는 주제와 명확하게 일치함. 제목과 로고, 이미지 모두 여름밤 페스티벌의 즐거움과 활기를 잘 전달하며 콘셉트가 일관됨. 행사에 대한 정보와 시각적 요소 간 의미적 연결이 확실히 드러남.",7,"텍스트 색상이 배경과 적절한 대비를 이루어 가독성이 양호하나, 일부 작은 글씨는 다소 읽기 어려움. 날짜, 장소, 프로그램 구성이 명확하지만 시선 흐름이 약간 복잡해 집중도가 떨어질 수 있음. 정보의 구조화가 조금 더 명확하면 좋겠음.",7,"밤하늘과 빛을 모티프로 한 시각적 연출이 전반적으로 신선하나, 표현 방식은 다소 전통적인 편. 색상과 구성에서 독특한 패턴은 드물지만 조화로운 변주가 돋보임. 축제 포스터로서의 독자성은 있으나 더 파격적인 시도가 있으면 좋을 듯."
경남_15,2025,경남,경남고성공룡세계엑스포,C:\workspace\uv_festival\홍보물\2025\경남\경남고성공룡세계엑스포\포스터\경남고성공룡세계엑스포_poster_05_20251001.jpg,7,"배경의 색채는 가을 풍경과 하늘의 조화로움이 돋보이나, 전반적으로 다소 어두운 톤이 조금 무거운 느낌을 준다. 중앙 이미지 구도가 안정적이며, 포스터 내 캐릭터와 배경이 통일감을 이룬다.",8,"포스터 제목과 이미지, 텍스트가 '익룡'이라는 주제에 잘 부합하며, 행사 콘셉트가 명확히 전달된다. 비행하는 익룡 이미지와 텍스트가 시각적, 의미적으로 일관되어 관람객에게 명확한 메시지를 준다.",7,"글자의 대비가 충분하여 주요 제목은 쉽게 인식 가능하나, 하단 설명문은 배경과 대비가 약간 부족해 가독성이 다소 떨어진다. 정보의 계층 구조는 명확하지만, 시선 흐름이 조금 산만할 수 있다.",6,"익룡 비행 장면을 실감나게 재현한 점은 독창적이나, 전체 레이아웃은 기존 축제 포스터와 유사한 형식을 띠고 있어 형식적 참신성은 다소 제한적이다. 시각적 요소들이 전반적으로 익숙한 패턴에 머문다."
경남_14,2025,경남,경남고성공룡세계엑스포,C:\workspace\uv_festival\홍보물\2025\경남\경남고성공룡세계엑스포\포스터\경남고성공룡세계엑스포_poster_03_20251001.jpg,7.0,"파란색을 기본으로 한 색채 구성이 안정적이며, 노란색과 흰색이 강조되어 눈에 잘 띕니다. 포스터 중앙에 크게 배치된 네 개의 이미지가 균형을 이루지만, 구도에서 약간의 단조로움이 느껴집니다.",8.5,"포스터 내 이미지와 텍스트가 공룡, 서커스, 공원 전시 등 행사 주제와 잘 맞아떨어집니다. 제목, 행사 정보, 이미지 간 의미적 연결이 명확하여 행사의 핵심 컨셉이 일관성 있게 전달됩니다.",8.0,"폰트와 배경색 대비가 좋아 정보가 명확히 식별됩니다. 제목, 행사 기간, 장소, 문의 등의 정보가 계층적으로 잘 배열되어 있어 가독성이 우수하며 시선 흐름도 자연스럽습니다.",6.5,"기본적인 정보 전달 형식을 따르면서도 이미지 4분할 배치와 곡선형 텍스트 사용으로 참신성을 더했습니다. 다만, 전체적인 구성과 색상에서 큰 독창성이나 변화는 제한적입니다."
경남_16,2025,경남,고성_수산물_가리비_축제,C:\workspace\uv_festival\홍보물\2025\경남\고성_수산물_가리비_축제\포스터\고성_수산물_가리비_축제_poster_05_20251031.jpg,6.5,"전체적으로 따뜻한 가을톤 색채가 조화를 이루나, 색상 대비가 다소 약해 시각적 포인트가 부족합니다. 사진과 텍스트의 배치가 균형을 이루나, 구도의 리듬감은 평범한 편입니다.",8.0,"축제의 핵심인 ‘수산물’과 ‘가을단풍’ 주제가 명확히 드러나며, 텍스트와 이미지가 적절히 연결되어 있어 주제 전달력이 높습니다. 행사 일정과 참여자 소개가 잘 조화되어 콘셉트 일관성이 돋보입니다.",7.5,"텍스트 색상과 배경 간 대비가 충분해 정보 식별이 용이합니다. 구성은 제목, 일정, 장소, 출연진 등으로 잘 구분되어 있으나, 시선의 흐름은 다소 산만한 감이 있습니다.",5.5,"전통적인 포스터 형식을 크게 벗어나지 않아 참신함이 제한적입니다. 이미지와 정보 배열이 전형적이며, 독창적 시각 패턴이나 표현의 새로움이 부족한 편입니다."
경남_18,2025,경남,남부면_수국축제,C:\workspace\uv_festival\홍보물\2025\경남\남부면_수국축제\포스터\남부면_수국축제_poster_01_20250622.jpg,8.0,"부드럽고 조화로운 파스텔톤 색채가 사용되어 명도와 채도의 대비가 적절하며, 전체적으로 안정된 구도를 보여줍니다. 수국 꽃과 배경 풍경이 자연스럽게 어우러져 일러스트 완성도가 높습니다.",9.0,"‘수국, 여름을 걷다’라는 제목과 수국 꽃, 여름 풍경이 명확히 연결되어 주제 적합성이 우수합니다. 텍스트와 이미지가 행사 콘셉트와 조화를 이루고 있어 메시지 전달이 효과적입니다.",7.5,"배경이 다채롭지만 주요 텍스트는 대비가 적절하여 가독성이 양호합니다. 제목, 날짜, 장소가 체계적으로 배치되어 정보 구조가 잘 구성되어 있습니다. 다만 일부 작은 텍스트는 배경과 조금 어우러져 가독성이 다소 떨어질 수 있습니다.",7.0,전통적인 축제 포스터 형식을 유지하면서도 꽃과 자연을 강조한 일러스트 표현이 신선합니다. 전체적으로 무난한 구성이나 색상과 모티프 사용에 있어 약간의 독창성이 드러납니다.
경남_17,2025,경남,기월안뜰_경관농업지구_가을꽃축제,C:\workspace\uv_festival\홍보물\2025\경남\기월안뜰_경관농업지구_가을꽃축제\포스터\기월안뜰_경관농업지구_가을꽃축제_poster_03_20250912.png,8,"밝고 화사한 색채 구성과 부드러운 명도 대비가 잘 어우러져 시각적 안정감을 줍니다. 중앙에 배치된 주제와 하단 인물 일러스트의 조화로 전체적인 균형감이 뛰어나며, 일러스트의 통일된 형태와 리듬감이 완성도 높게 표현되었습니다.",9,"‘가을꽃 축제’라는 주제에 맞춰 꽃과 자연, 사람들의 여유로운 모습이 잘 연출되어 시각과 텍스트가 조화를 이룹니다. 축제의 핵심 정보를 명확히 전달하며 테마와 콘텐츠 간 일관성이 높아 행사 목적에 부합합니다.",9,"글자와 배경의 색 대비가 뚜렷하여 텍스트 확인이 용이합니다. 제목, 날짜, 장소 등의 정보 계층이 분명하고 시선 흐름이 자연스럽게 이어져 이해하기 쉽습니다.",7,"전통적인 축제 포스터 형식을 유지하면서도 일러스트와 색감 활용에서 참신함이 돋보입니다. 다만, 전반적인 구성은 무난한 편으로, 시각적 패턴이나 표현에서 더 독특한 시도가 있으면 좋겠습니다."
경남_19,2025,경남,당항포대첩축제,C:\workspace\uv_festival\홍보물\2025\경남\당항포대첩축제\포스터\당항포대첩축제_poster_01_20250425.jpg,7,"색채는 주로 푸른 계열을 기반으로 하여 차분하면서도 경쾌한 빛의 효과를 사용해 시각적 흥미를 유발합니다. 구도는 중앙의 이순신 장군 동상을 중심으로 균형을 잡았고, 배경의 곡선 형태들이 조화롭게 흐름을 만듭니다. 다만 일부 텍스트 위치가 다소 밀집되어 있어 시각적 완성도에서 약간 아쉬움이 있습니다.",8,행사 주제인 당항포대첩과 이순신 장군을 중심 소재로 사용하여 시각·텍스트 요소들이 일관되게 축제의 역사적 의미를 잘 전달합니다. ‘바다의 빛이 되어라’라는 문구와 해양 관련 이미지가 콘셉트와 조화를 이룹니다. 전체적으로 주제와 텍스트의 시멘틱 연결이 명확합니다.,7,"주요 정보는 크고 굵은 글씨로 잘 구분되어 가독성이 높은 편입니다. 배경과 대비되는 흰색 및 붉은색 글자가 눈에 잘 띄지만, 일부 작은 문자나 보조 설명은 다소 읽기 어려울 수 있습니다. 시선의 흐름은 자연스럽고 정보 구조도 논리적 배치가 돋보입니다.",6,역사적 요소에 디지털 빛 효과를 활용하여 전통과 현대적 감각의 결합을 시도한 점은 신선합니다. 하지만 전반적인 구성은 다소 전형적인 축제 홍보 포스터의 문법을 크게 벗어나지 않아 독창성에서는 중간 정도 수준입니다. 일부 모티프는 보다 창의적으로 변주할 여지가 있습니다.
경남_21,2025,경남,문화다양성축제_MAMF(맘프)_2025,C:\workspace\uv_festival\홍보물\2025\경남\문화다양성축제_MAMF(맘프)_2025\포스터\문화다양성축제_MAMF(맘프)_2025_poster_02_20251024.jpg,8,"색상은 청명한 하늘색 배경과 원색적인 ‘MA’ ‘MF’ 글자의 대비가 돋보이며, 전체적으로 균형 잡힌 구도와 리드미컬한 형태 배열이 안정감을 준다. 일러스트와 텍스트가 조화를 이루며 축제의 생동감을 효과적으로 전달한다.",9,"포스터의 제목과 이미지가 다문화 축제라는 주제와 직접 연결되어 있어 주제 적합성이 높다. 텍스트와 그림이 다문화와 축제의 분위기를 잘 반영하며, 행사 목적과 콘셉트가 일관되게 유지되고 있다.",8,"주요 정보인 날짜, 장소, 행사명이 명확한 대비를 지녀 쉽게 읽힌다. 계층적으로 정보가 잘 정리되어 시선 흐름이 자연스럽고, 흰색 텍스트가 청색 배경과 명확히 구분되어 가독성이 우수하다.",7,전통적인 포스터 구성을 따르면서도 글자 색상의 변화와 밑부분 일러스트를 활용해 시각적 참신함을 부여했다. 다만 큰 틀에서는 다소 익숙한 형식을 유지해 독창성 면에서는 보통 수준이다.
경남_23,2025,경남,산청_농특산물_대제전,C:\workspace\uv_festival\홍보물\2025\경남\산청_농특산물_대제전\포스터\산청_농특산물_대제전_poster_03_20250411.png,7.5,"밝고 선명한 색채 조합과 명확한 대비가 돋보이며, 캐릭터와 배경이 조화롭게 어우러져 안정적이다. 구도는 중심을 잡아 시선을 끌고 있으며, 일러스트 스타일이 통일되어 완성도가 높다.",8.5,"텍스트와 이미지가 행사 주제인 농특산물과 연관성이 강하며, 핵심 메시지가 명확히 전달된다. 귀여운 캐릭터와 시각적 요소들이 '산청'과 '농특산물 대제전'의 콘셉트와 잘 맞아 일관성을 유지한다.",8.0,"글자와 배경의 대비가 좋아 높은 판독성을 제공한다. 제목, 날짜, 장소가 계층적으로 잘 구분되어 정보 전달이 명확하며, 시선 흐름 또한 자연스럽게 유도되어 편안한 읽기가 가능하다.",7.0,"일러스트 캐릭터 활용과 색상 배치에서 참신함이 느껴지나, 정보 구성은 다소 전형적인 축제 포스터 형식을 따른다. 하지만 전반적으로 밝고 경쾌한 연출로 독자적인 분위기를 창출했다."
경남_24,2025,경남,산청황매산철쭉제,C:\workspace\uv_festival\홍보물\2025\경남\산청황매산철쭉제\포스터\산청황매산철쭉제_poster_01_20250426.jpg,8.0,"분홍색과 초록색의 대비가 아름답고, 꽃과 산의 구도가 조화롭다. 다채로운 색채가 안정감을 주며 시각적 리듬감이 뛰어나다.",9.0,포스터 텍스트와 이미지는 산청 황매산 철쭉축제라는 주제를 잘 반영한다. 꽃과 산을 시각적으로 일치시켜 콘셉트가 명확하고 일관성 있다.,7.5,주요 정보가 계층적으로 정리되어 있으며 대비가 좋아 판독이 쉽다. 다만 세로로 배치된 큰 제목이 시선 흐름을 약간 방해할 수 있다.,7.0,"전통적인 축제 포스터 형식에서 크게 벗어나지 않았지만, 산과 꽃을 일러스트레이션으로 표현한 점이 신선하다. 전반적인 구성은 안정적이며 독창성이 다소 제한적임."
경남_20,2025,경남,만화방초_수국축제,C:\workspace\uv_festival\홍보물\2025\경남\만화방초_수국축제\포스터\만화방초_수국축제_poster_03_20250701.jpg,8,부드러운 보라색과 파스텔 톤의 색채 구성이 조화를 이루어 시각적으로 편안함을 준다. 사진 배치가 다소 불균형할 수 있으나 전체적으로 안정감 있는 구도를 형성하고 있다.,9,"행사의 주요 테마인 '만화방초 수국축제'를 명확하게 표현하였으며, 사진과 텍스트가 의미적으로 잘 연결되어 있다. 텍스트와 이미지가 서로 어우러지며 축제의 분위기를 잘 전달한다.",7,"글자와 배경의 대비가 충분해 텍스트 판독성은 좋은 편이나, 정보 배치가 다소 산만해 시선 흐름이 완벽히 자연스럽지는 않다. 주요 정보(제목, 장소, 날짜)는 식별 용이하다.",6,전반적으로 전형적인 축제 포스터 형식을 따르고 있어 신선한 시각적 변주나 독창성은 제한적이다. 다만 꽃 사진의 콜라주 형식은 무난한 차별점을 준다.
경남_22,2025,경남,배내골사과축제,C:\workspace\uv_festival\홍보물\2025\경남\배내골사과축제\포스터\배내골사과축제_poster_01_20251101.jpg,7,"밝고 경쾌한 분홍 배경과 다채로운 일러스트 요소들이 조화를 이루어 시각적 활기를 준다. 구도는 중앙 경로를 따라 시선을 유도하여 균형감이 있으나, 일부 요소들이 다소 산만하게 배치되어 있다. 일러스트 스타일과 전체 톤은 통일감 있게 완성되었다.",8,"제목과 이미지, 텍스트가 ‘사과 축제’라는 주제와 잘 연결되어 있으며, 과일과 시장을 표현한 시각 요소들이 축제 콘셉트에 적합하다. 텍스트 내용과 이미지 사이의 의미적 연관성이 명확하고 행사 정보 전달에 효과적이다.",6,"제목과 주요 정보는 명확하게 구분되었으나, 상단 텍스트는 다중 색상과 그림자 처리로 인해 가독성이 다소 떨어진다. 정보의 계층구조는 비교적 잘 구성되어 있어 시선 이동에 큰 어려움은 없으나 텍스트 대비가 개선되면 좋겠다.",7,"귀여운 일러스트와 축제 경로를 나선형으로 표현한 점이 참신하며 독창적인 시각적 요소를 보여준다. 전통적인 축제 홍보물과는 다른 밝고 친근한 스타일이 돋보이나, 일부 반복적 모티프로 인해 창의성 측면에서 더 발전 가능하다."
경남_25,2025,경남,생초국제조각공원꽃잔디축제,C:\workspace\uv_festival\홍보물\2025\경남\생초국제조각공원꽃잔디축제\포스터\생초국제조각공원꽃잔디축제_poster_05_20250414.jpg,7.5,화사한 분홍색과 초록색 자연 배경이 조화를 이루어 시각적으로 매력적입니다. 중앙 텍스트가 강렬하게 배치되어 한눈에 들어오며 전체적으로 안정적인 구도를 보입니다. 다만 텍스트 일부가 배경 이미지와 약간 겹쳐 조형 완성도에서 완전한 통일성은 부족합니다.,8.0,꽃잔디 축제라는 주제가 꽃밭 사진과 잘 어울리며 텍스트 내용도 행사명을 명확히 전달합니다. 행사 콘셉트인 봄과 꽃을 강조한 색채와 디자인이 일관성 있게 유지되고 있습니다. 다만 일부 문구('@@')의 의미가 혼동을 줄 수 있어 텍스트–이미지의 완전한 시멘틱 매칭에서는 아쉬움이 있습니다.,6.5,큰 제목 텍스트가 굵고 대비가 좋아 가독성이 뛰어납니다. 하지만 세부 안내 문구는 배경 이미지 위에 위치해 텍스트 대비가 다소 약한 부분이 있어 판독성이 떨어질 수 있습니다. 전체적으로 시선 흐름은 자연스럽지만 정보 계층 구성이 조금 더 명확하면 좋겠습니다.,7.0,포스터는 전통 축제 이미지에 화려한 컬러와 입체적인 텍스트 효과를 가미해 시각적 참신함을 주고 있습니다. 다만 형식적으로 너무 평범한 사진 위에 텍스트 배치 형태로 크게 벗어나지 않아 새로운 시도는 다소 부족합니다. 독창성을 높이기 위해 색다른 그래픽 요소가 더해지면 좋겠습니다.
경남_28,2025,경남,제13회_강주해바라기_축제,C:\workspace\uv_festival\홍보물\2025\경남\제13회_강주해바라기_축제\포스터\제13회_강주해바라기_축제_poster_01_20250618.jpg,8,밝은 하늘과 노란 해바라기 밭의 색 대비가 선명하고 조화롭습니다. 구도는 산뜻한 중심 배치로 시선을 자연스럽게 유도하며 안정감이 있습니다. 사진과 텍스트 박스가 조화롭게 어우러져 완성도가 높습니다.,9,해바라기 밭 이미지와 텍스트가 강주해바라기 축제를 명확히 드러냅니다. 축제의 핵심 콘셉트인 자연과 여름 분위기를 잘 반영하고 있습니다. 텍스트와 이미지 간 의미적 연결이 충분히 일관성 있습니다.,7,"텍스트 색상과 배경의 대비가 명확해 가독성이 좋지만, 글씨체가 다소 손글씨 스타일이라 일부 사용자에게는 판독이 다소 어려울 수 있습니다. 주요 정보가 계층적 구분은 잘 되어 있으나 시선 흐름은 평범한 편입니다.",6,"전체 구성과 표현 방식이 축제 포스터의 전통적인 문법을 따르고 있어 형식적 참신성은 다소 낮습니다. 하지만 자연 경관을 중심으로 한 패턴과 모티프의 활용은 안정적이며, 독창적인 연출보다는 친근함을 지향합니다."
경남_30,2025,경남,제14회_함안곶감축제,C:\workspace\uv_festival\홍보물\2025\경남\제14회_함안곶감축제\포스터\제14회_함안곶감축제_poster_01_20250110.jpg,8,전반적으로 따뜻한 주황색 계열의 색채 구성이 돋보이며 고감도 명도·채도 대비가 뛰어납니다. 균형 잡힌 배치로 시각적 안정감이 있으나 중심 이미지를 약간 더 강조했으면 좋겠습니다. 사진과 타이포그래피의 조화가 자연스럽고 형태의 리듬감도 적절합니다.,9,제목과 이미지(곶감)가 명확하게 연계되어 주제가 뚜렷하게 전달됩니다. 축제의 핵심 테마인 곶감과 지역 특산물이 잘 반영되어 일관성이 높습니다. 텍스트와 시각 요소가 의미적으로 잘 맞아떨어져 메시지 전달이 효과적입니다.,7,"글자와 배경 색상의 대비는 전반적으로 양호하지만 일부 주황 배경에 글자가 약간 묻히는 부분이 있습니다. 정보 구조가 명확해 행사명, 날짜, 장소가 계층적으로 잘 정리되어 있습니다. 시선 흐름도 자연스러우나 안내 텍스트가 조금 더 눈에 띄면 좋겠습니다.",6,"곶감 사진을 전면 배경으로 적극 활용한 방식은 신선하지만 전체 구성이나 타이포그래피는 다소 평범한 편입니다. 색상과 모티프의 다양성은 제한적이며, 전반적 표현이 전통적 축제 포스터 양식에 비교적 충실합니다."
경남_27,2025,경남,제10회_사천비토섬별주부전축제,C:\workspace\uv_festival\홍보물\2025\경남\제10회_사천비토섬별주부전축제\포스터\제10회_사천비토섬별주부전축제_poster_02_20250404.jpg,7.5,전체적으로 색채가 파란색을 중심으로 조화롭게 구성되어 있어 시원한 분위기를 잘 전달합니다. 구도는 중심 텍스트를 잘 강조하면서 포스터 상단과 하단에 캐릭터와 행사 정보를 균형 있게 배치해 안정감을 줍니다. 다만 일부 요소들이 다소 복잡하게 배치되어 조형 완성도 측면에서 약간 산만한 느낌도 있습니다.,8.5,"포스터의 이미지와 텍스트가 우주, 별, 비토섬, 축제라는 주제를 잘 연결하여 일관된 콘셉트를 유지합니다. 특히 ‘에어로켓과 물총, 비토섬에서 우주까지 쏜다!’라는 문구가 시각적 요소와 의미적으로 잘 맞아떨어집니다. 행사 내용과 관련한 텍스트와 이미지의 매칭도 높은 수준입니다.",7.0,"주요 정보인 제목과 날짜는 명확하게 구분되어 가독성이 우수하나, 일부 카피나 행사 세부 내용은 글자 크기와 배경 대비가 다소 낮아 눈에 띄기 어렵습니다. 정보의 계층 구조가 어느 정도 명확하지만, 시선 흐름이 조금 복잡하게 느껴질 수 있어 부드러운 플로우로 개선 여지가 있습니다.",7.8,"캐릭터 디자인과 우주, 물총, 에어로켓 등의 모티프 활용이 독창적이며 축제의 경쾌한 분위기를 잘 살렸습니다. 전통적인 축제 포스터 문법에서 벗어나 다채로운 시각 요소를 활용하려는 시도가 돋보입니다. 다만 전반적인 시각 패턴은 비교적 익숙한 형식을 따르고 있어 완전한 참신함은 제한적입니다."
경남_29,2025,경남,제14회_거제둔덕_포도축제,C:\workspace\uv_festival\홍보물\2025\경남\제14회_거제둔덕_포도축제\포스터\제14회_거제둔덕_포도축제_poster_01_20250906.png,8,"밝고 생동감 있는 채색과 대비가 돋보이며, 포도와 잎사귀 일러스트가 조화롭게 배치되어 시각적 안정감이 뛰어납니다. 형태와 리듬감이 잘 살아있어 완성도가 높습니다.",9,포도와 한우 이미지를 중심으로 행사 주제가 명확하게 드러나며 텍스트와 시각적 요소가 일관된 콘셉트를 잘 표현하고 있습니다. 행사 정보와 이미지의 의미적 연계가 우수합니다.,7,"노란색 텍스트가 포도 배경과 대비되어 잘 보이나, 일부 텍스트가 포도 군락과 겹쳐 가독성이 다소 떨어질 수 있습니다. 정보 구성은 체계적이며 시선 흐름도 자연스럽습니다.",7,포털 형태와 색상 조합에서 참신함이 있으나 전반적 구성이 큰 틀에서 벗어나지 않아 독창성은 중간 수준입니다. 소의 일러스트를 텍스트 안에 삽입한 표현이 신선합니다.
경남_26,2025,경남,양산국화축제,C:\workspace\uv_festival\홍보물\2025\경남\양산국화축제\포스터\양산국화축제_poster_01_20251024.jpg,8,포스터는 부드럽고 따뜻한 파스텔 톤을 사용하여 가을 축제의 분위기를 잘 표현했습니다. 균형 잡힌 구도와 자연스러운 시각 리듬이 안정감을 줍니다. 다만 일러스트의 디테일이 다소 단순하여 완성도 면에서는 보완 여지가 있습니다.,9,"텍스트와 이미지가 축제의 주제인 '낙동강 가을 축제'와 잘 일치하며, 중앙의 국화꽃 일러스트가 명확한 콘셉트를 전달합니다. 행사 명칭과 설명, 인증 이벤트 등이 주제와 잘 연결되어 있어 메시지 전달력이 뛰어납니다.",8,"글자와 배경 색의 대비가 적절해 쉽게 읽을 수 있으며, 주요 정보가 계층적으로 잘 구성되어 있습니다. 다만 폰트 스타일이 다소 장식적이라 가독성에 약간 영향을 주지만 전체적으로 시선 흐름은 자연스럽습니다.",7,전통적인 축제 포스터 형식에서 크게 벗어나지 않았으나 일러스트 스타일과 색채 조합에서 친근하고 따뜻한 느낌을 잘 살렸습니다. 다만 독창적인 시각 패턴이나 파격적 연출이 다소 부족해 독창성에서 한계가 있습니다.
경남_33,2025,경남,"제19회_보물섬_해산물_축제(부제국민고향,남해)","C:\workspace\uv_festival\홍보물\2025\경남\제19회_보물섬_해산물_축제(부제국민고향,남해)\포스터\제19회_보물섬_해산물_축제(부제_국민고향,남해)_poster_03_20250509.jpg",7.5,"색채는 바다와 해산물을 연상시키는 푸른 톤과 따뜻한 색상의 어울림이 자연스럽고 조화롭습니다. 원형 구도로 중심을 잘 잡아 시각적 안정감을 주며, 해양 생물들의 일러스트가 통일감 있게 배치되어 완성도가 높습니다.",8.0,"포스터 내 텍스트와 시각 요소들이 해안물축제라는 주제에 적절히 부합하며, 해물 일러스트와 축제 일정, 장소 등이 명확하게 연결되어 주제 전달력이 뛰어납니다. 전체적으로 축제 콘셉트와 시각 표현이 일관성을 유지하고 있습니다.",7.0,"제목 및 주요 정보들은 대비가 좋아 쉽게 읽히지만, 하단의 작은 글자들은 상대적으로 가독성이 떨어질 수 있습니다. 정보 구성은 체계적이나 시선의 자연스러운 흐름을 다소 방해하는 부분이 있어 개선 여지가 있습니다.",7.0,"해산물 테마를 중심으로 한 원형 구도와 해양 생물들의 어우러짐은 신선한 시도지만, 전반적인 레이아웃과 스타일은 다소 전통적인 축제 포스터 문법 안에 머물러 있습니다. 독창성 측면에서 약간의 변주가 더해지면 더욱 돋보일 것입니다."
경남_31,2025,경남,제16회_밀양대추축제,C:\workspace\uv_festival\홍보물\2025\경남\제16회_밀양대추축제\포스터\제16회_밀양대추축제_poster_01_20251018.jpg,8,"밝고 따뜻한 색채와 조화로운 톤이 농산물과 자연의 이미지를 잘 전달합니다. 요소들이 고르게 배치되어 시각적 균형이 잡혀 있으며, 캐릭터와 배경의 일러스트 스타일이 통일되어 완성도가 높습니다.",9,포스터 내 텍스트와 이미지가 밀접하게 연관되어 있어 주제인 농산물 대전과 체험 행사 내용을 효과적으로 전달합니다. 친근한 캐릭터와 농작물 모티프가 행사 콘셉트와 잘 맞아 시각적 일관성이 뛰어납니다.,7,"글자 색상과 배경의 대비가 충분하여 기본적인 판독성은 우수하나, 일부 세부 정보(날짜 등)가 다소 복잡하게 배치되어 눈에 확 띄지 않는 점은 아쉽습니다. 전체적인 정보 구조는 계층별 구분이 잘 되어 있습니다.",7.5,"전통과 현대를 아우르는 캐릭터 디자인과 밝은 색상 배합이 신선하며, 농산물과 농촌 이미지의 독창적 표현이 돋보입니다. 다만 전체 구성은 친숙한 축제 포스터 형식을 따르고 있어 혁신성은 다소 제한적입니다."
경남_32,2025,경남,제19회_거제섬꽃축제,C:\workspace\uv_festival\홍보물\2025\경남\제19회_거제섬꽃축제\포스터\제19회_거제섬꽃축제_poster_01_20251025.jpg,8.0,"따뜻한 노랑과 분홍 색조의 조화가 매우 아름답고, 구도는 상단의 텍스트와 하단의 꽃밭이 균형을 이루어 시각적으로 안정적입니다. 일러스트와 사진적 요소가 적절히 조화되어 형태의 리듬감이 살아있습니다.",9.0,"‘거제 섬꽃 축제’라는 주제와 실제 꽃 이미지, 평화의 의미를 담은 비둘기 이미지가 잘 매치되어 주제 적합성이 우수합니다. 텍스트와 시각적 요소들이 행사의 콘셉트인 ‘섬꽃’과 ‘평화’를 일관되게 전달합니다.",7.0,"주요 정보가 구조적으로 잘 배치되어 있으나, 배경색과 일부 텍스트(분홍, 보라)의 대비가 약간 낮아 가독성이 떨어지는 부분이 있습니다. 시선 흐름은 자연스럽게 상단에서 하단으로 이어집니다.",7.5,전통적인 축제 포스터 형식을 따르면서도 평화의 비둘기 구름 형상과 다양한 색상의 꽃 표현이 신선합니다. 다만 전체적으로 큰 틀에서 벗어난 독창적인 시도는 다소 부족한 편입니다.
경남_35,2025,경남,제20회_봉숫골꽃나들이_축제,C:\workspace\uv_festival\홍보물\2025\경남\제20회_봉숫골꽃나들이_축제\포스터\제20회_봉숫골꽃나들이_축제_poster_02_20250329.jpg,8,"포스터는 전통적인 한식 색조와 선명한 명도 대비를 통해 시각적 안정감을 제공하며, 전체적으로 균형 잡힌 구도를 가지고 있다. 일러스트 형식의 통일성과 형태 리듬감도 잘 유지되어 있어 전통미를 효과적으로 표현한다.",9,"텍스트와 이미지 간 의미적 연결이 매우 명확하며, '가야문화축제'라는 주제를 전통 건축물, 복식, 기념물 등으로 일관되게 표현하였다. 문화축제의 핵심 테마가 시각과 텍스트 모두에서 잘 반영되어 있다.",7,"전체적으로 글자와 배경 대비가 적절하여 판독성이 양호하나, 일부 작은 글씨는 배경과 약간 섞여 눈에 덜 띌 수 있다. 정보 계층이 잘 구성되어 있으나 시선 흐름이 약간 복잡할 수 있다.",7,"전통 문화 요소를 현대적 스타일의 일러스트로 표현해 신선함을 주지만, 형식적으로는 다소 전통적인 문법을 따르고 있어 독창성에서 약간 제한적이다. 색상과 모티프의 다양성은 적절히 조화된 수준이다."
경남_37,2025,경남,제22회_사천시_삼천포항_자연산전어축제,C:\workspace\uv_festival\홍보물\2025\경남\제22회_사천시_삼천포항_자연산전어축제\포스터\제22회_사천시_삼천포항_자연산전어축제_poster_06_20250815.jpg,7.5,"밝고 경쾌한 색채 구성이 돋보이며, 하늘과 바다를 연상시키는 청색과 빨강·주황 색상의 조화가 좋습니다. 구도는 중심에 주요 텍스트를 배치해 안정감이 있고, 케이블카와 관람차 일러스트가 공간을 잘 채워 조형 완성도가 높습니다.",8.0,포스터의 이미지와 텍스트가 축제 주제인 자연과 해양을 잘 반영하고 있습니다. 삼천포항과 전어축제를 시각적으로 일관되게 전달해 행사의 핵심 테마와 조화롭습니다. 텍스트와 일러스트의 의미적 연결도 명확합니다.,7.0,"텍스트 대비가 전반적으로 양호하나 하늘색 배경과 일부 밝은 색 글자의 대비가 약간 낮아 가독성이 다소 떨어질 수 있습니다. 정보의 계층 구조가 명확하며, 시선 흐름도 자연스럽게 잘 설계되어 있습니다.",6.5,"기존 축제 포스터 문법의 범위 내에서 안정적 구성을 따르지만, 케이블카와 관람차 등 모티프의 활용이 참신성을 더합니다. 전반적으로 친숙하면서도 독자적인 연출이 돋보이나, 창의성 면에서는 약간 보수적인 편입니다."
경남_39,2025,경남,제24회_진주논개제,C:\workspace\uv_festival\홍보물\2025\경남\제24회_진주논개제\포스터\제24회_진주논개제_poster_02_20250503.jpg,8.0,"자연스러운 색채 조화와 명도 대비가 뛰어나며, 전통적인 한국적 이미지와 현대적인 절제미가 조화를 이룹니다. 중심을 잡은 구도와 반복된 형태 리듬으로 시각적 안정감을 잘 구현했습니다.",9.0,"포스터의 시각 요소와 텍스트가 잘 연결되어 진주논개제의 전통성과 축제 분위기를 효과적으로 전달합니다. ‘청춘의 설렘, 새로운 교방’이라는 주제와 이미지가 일관성을 갖고 조화를 이루고 있습니다.",7.5,"텍스트와 배경 간의 대비가 적절해 기본적인 가독성은 확보되었으나, 일부 글자가 배경과 더 자연스럽게 융합되어 시선 흐름에 약간의 방해가 될 수 있습니다. 정보 구조는 명확하고 계층도 잘 구성되어 있습니다.",8.5,"전통적 건축물과 인물을 추상화한 형식적 변주가 돋보이며, 미묘한 톤 변화를 통한 표현이 신선합니다. 기존 축제 포스터와 차별화되는 독창적인 비주얼 패턴과 연출이 인상적입니다."
경남_34,2025,경남,제1회_숭어축제,C:\workspace\uv_festival\홍보물\2025\경남\제1회_숭어축제\포스터\제1회_숭어축제_poster_01_20251101.jpg,8.5,부드러운 파스텔 톤 배경과 생동감 있는 색채의 대비가 조화를 이루어 시각적 안정감을 제공한다. 중앙과 우측 요소들의 균형 잡힌 배치가 전체적으로 리듬감 있고 조형적으로 완성도가 높다.,9,봄 축제와 송어라는 핵심 주제가 시각과 텍스트에서 일관성 있게 표현되어 이해가 쉽다. 전통 요소와 축제 분위기를 잘 담아내어 메시지 전달이 명확하다.,8,주요 정보는 색 대비와 계층적 배치로 명확하게 구분되어 가독성이 높다. 다만 QR코드 주변 텍스트와 일부 작은 글자는 배경과의 대비가 약간 약해 개선 여지가 있다.,8.2,"전통 인물과 현대적 그래픽 요소의 결합, 큰 송어를 무대로 활용한 연출이 신선하다. 전체적으로 참신한 시각 패턴과 독창적 구성이 돋보인다."
경남_41,2025,경남,제27회_화개장터_벚꽃축제,C:\workspace\uv_festival\홍보물\2025\경남\제27회_화개장터_벚꽃축제\포스터\제27회_화개장터_벚꽃축제_poster_01_20250328.jpg,8.5,"부드럽고 따뜻한 분홍색 계열이 꽃잎과 배경에 조화를 이루며 시각적 안정감을 준다. 구도가 중앙 집중형으로 균형있으며, 일러스트와 텍스트가 손쉽게 어우러져 완성도가 높다.",9.0,"벚꽃 축제라는 주제와 벚꽃 이미지, 행사 내용이 잘 맞아떨어져 시각과 텍스트가 강한 일관성을 유지한다. 제목과 삽화가 축제의 분위기를 효과적으로 전달한다.",8.0,"텍스트와 배경 간 색 대비가 적절해 가독성이 높으며, 중요 날짜와 행사 내용이 명확하게 계층화되어 있다. 전체적으로 시선의 흐름이 자연스럽고 정보 전달에 용이하다.",7.0,"전통적인 축제 포스터 형식을 따르면서도 벚꽃 모양 안에 행사 장면을 담은 점이 신선하다. 다만, 색상과 구성의 독창성은 다소 보수적인 편이다."
경남_40,2025,경남,제27회_와룡문화제,C:\workspace\uv_festival\홍보물\2025\경남\제27회_와룡문화제\포스터\제27회_와룡문화제_poster_01_20250501.jpg,8,"선명한 색채 대비와 조화로운 분홍, 파랑 계열의 색상이 돋보입니다. 중심에 텍스트와 드래곤 일러스트가 균형 있게 배치되어 시각적 안정감을 제공합니다. 드래곤의 리듬감 있는 곡선이 조형 완성도를 높였습니다.",9,"‘와룡문화제’라는 제목과 함께 드래곤 이미지가 행사명을 강화하며 의미 연결이 잘 이루어졌습니다. 통합 30주년 기념이라는 콘셉트와 축제 내용이 일관성 있게 반영되었고, 텍스트와 이미지 간 시멘틱 유사성이 뛰어납니다.",8,"배경 다크 톤과 대비되는 흰색 영역과 진한 검정 글자 색상으로 텍스트 가독성이 높습니다. 제목, 행사 소개, 날짜 등 정보 계층이 명확하지만 상단 작은 정보는 다소 눈에 덜 띄어 시선 흐름에서 약간 아쉬움이 있습니다.",7,전통적인 드래곤 이미지를 현대적 색감과 스타일로 재해석한 점은 신선합니다. 다만 전반적인 구성이 비교적 전형적인 축제 포스터 형식에 머물러 있어 형식적 변주나 독창성 면에서 다소 제한적입니다.
경남_42,2025,경남,제29회_황매산철쭉제,C:\workspace\uv_festival\홍보물\2025\경남\제29회_황매산철쭉제\포스터\제29회_황매산철쭉제_poster_01_20250426.jpg,8.0,"따뜻한 핑크 톤과 연한 배경 색채가 조화를 이루어 부드러운 분위기를 연출합니다. 구도가 안정적이며, 인물과 자연 요소가 조화롭게 배치되어 시각적 균형감이 뛰어납니다.",9.0,"철쭉꽃 축제라는 주제가 포스터 전체에서 분명하게 드러나며, 텍스트와 이미지가 밀접하게 연결되어 있습니다. 행사 일정과 장소 정보도 명확하게 전달되어 주제 적합성이 높습니다.",7.5,"글자와 배경의 색 대비가 비교적 좋아 가독성이 양호합니다. 제목과 날짜, 장소가 계층적으로 구성되어 시선 흐름이 자연스럽지만, 일부 작은 글씨는 조금 더 명확했으면 좋겠습니다.",7.0,전통적인 축제 포스터 형식을 따르면서도 부드러운 일러스트 스타일과 색채 활용으로 신선함을 주는 편입니다. 다만 전체적인 구성이 크게 벗어나지 않아 독창성은 중간 정도로 평가됩니다.
경남_38,2025,경남,제22회_의령토요애수박축제,C:\workspace\uv_festival\홍보물\2025\경남\제22회_의령토요애수박축제\포스터\제22회_의령토요애수박축제_poster_01_20250417.jpg,7.0,"수박을 연상시키는 색채 구성이 돋보이며, 빨강과 초록의 명도 대비가 강해 시선을 끕니다. 다만, 전체적으로 이미지와 텍스트가 조금 과밀하고 구도에 여유가 부족하여 안정감은 다소 떨어집니다. 조형적인 통일감은 사진과 일러스트가 혼재되어 있으나, 수박 테마가 전체적으로 잘 전달됩니다.",9.0,"수박축제라는 주제가 텍스트와 이미지, 로고가 일관되게 표현되어 주제 전달력이 뛰어납니다. 텍스트와 이미지 간 의미적 연결이 명확하며, 행사 프로그램과 부대 행사 내용도 시각적으로 잘 반영되어 있습니다. 콘셉트의 일관성이 매우 만족스럽습니다.",6.5,"주요 정보인 일정과 장소는 크고 뚜렷하게 표시되어 가독성이 좋으나, 다양한 색상의 텍스트가 혼재되어 일부 문장은 읽기 다소 어렵습니다. 정보 구조는 명확하나, 텍스트 간 간격이나 배치가 촘촘해 시선 흐름이 자연스럽지 않은 부분이 있습니다.",6.0,"수박 모티프를 활용한 글자 디자인은 신선하지만, 전체적인 레이아웃과 구성은 전통적인 축제 포스터 형식을 크게 벗어나지 않아 독창성은 보통 수준입니다. 사진과 텍스트 배치에 있어 참신함이 조금 더 요구됩니다."
경남_43,2025,경남,제2회_MY아리나드림페스티벌,C:\workspace\uv_festival\홍보물\2025\경남\제2회_MY아리나드림페스티벌\포스터\제2회_MY아리나드림페스티벌_poster_05_20250308.jpg,8,"밝고 활기찬 색채 구성이 돋보이며, 명도와 채도의 대비가 적절하게 조화되어 있다. 전반적으로 구도가 균형 잡혀 시각적 안정감을 준다. 일러스트와 텍스트 디자인 간의 통일감도 뛰어나 완성도가 높다.",9,"축제의 즐거움과 가족 중심 테마가 제목, 이미지, 문구 모두에서 일관성 있게 전달된다. 텍스트와 그림이 의미적으로 잘 연결되어 있어 주제 이해를 돕는다. 전반적인 콘셉트가 명확하고 행사의 성격과 잘 맞는다.",8,"글자와 배경의 색상 대비가 좋아 가독성이 우수하다. 주요 정보(날짜, 장소 등)가 명확한 계층 구조로 배치되어 쉽게 인지된다. 시선 흐름도 자연스러워서 정보를 빠르게 파악할 수 있다.",7,"캐릭터를 활용한 글자 표현과 풍선, 일러스트 패턴이 신선하지만 전체적으로 전통적인 축제 포스터 구성에 크게 벗어나지 않는다. 독창적인 요소가 있으나 약간 평범한 감도 있어 창의성은 중상위권이다."
경남_46,2025,경남,제2회_통영어부장터축제,C:\workspace\uv_festival\홍보물\2025\경남\제2회_통영어부장터축제\포스터\제2회_통영어부장터축제_poster_02_20251024.jpg,7,"밝고 청량한 파란색 배경에 붉은색과 흰색 텍스트가 조화를 이루며, 중심에 있는 로고와 텍스트가 균형 있게 배치되어 시각적 안정감을 준다. 하지만 일러스트와 사진 요소가 다소 분리된 느낌이 있어 통일감은 약간 부족하다.",9,"‘통영 어부 장터’라는 제목과 바다, 조업 이미지들이 명확히 연결되며, 신선한 해산물 축제라는 주제가 잘 드러난다. 텍스트와 비주얼이 행사 콘셉트와 언어적으로도 일관성을 잘 유지하고 있다.",8,"글씨가 배경과 충분한 대비를 이루어 가독성이 좋고, 일정·장소·내용이 명확히 구분되어 정보 전달이 효과적이다. 다만 일부 작은 글씨는 약간 혼잡해 보일 수 있으나 전반적인 시선 흐름은 자연스럽다.",6,"기존 축제 포스터 형식을 크게 벗어나지 않았으나, 해양 요소와 셰프 사진을 병합해 직관적인 메시지를 전달한 점은 신선하다. 전반적으로 안전한 구성이며 더 독창적인 시각 패턴이나 연출이 더해지면 좋겠다."
경남_44,2025,경남,제2회_김해한우축제,C:\workspace\uv_festival\홍보물\2025\경남\제2회_김해한우축제\포스터\제2회_김해한우축제_poster_01_20250522.jpg,7.5,금빛 소 일러스트와 그라데이션 배경이 조화를 이루어 고급스러운 분위기를 연출한다. 구도가 다소 중앙에 집중되어 안정적인 시선을 제공하지만 다소 단조롭게 느껴질 수 있다. 전체적인 조형 완성도는 높은 편으로 통일감이 잘 유지되고 있다.,8.0,한우 축제를 주제로 한 비주얼과 텍스트가 잘 어우러져 의미 전달이 명확하다. 금색 소 이미지는 명품 한우라는 콘셉트를 효과적으로 강조한다. 텍스트와 이미지 간 시멘틱 유사성이 높아 행사 목적에 부합하는 디자인이다.,6.5,"텍스트 대비는 대체로 적절하나, 금빛 배경과 일부 흰 글씨가 다소 가독성을 떨어뜨린다. 날짜와 장소 정보가 명확하지만 정보 구조가 조금 더 체계적이고 구분되면 좋겠다. 시선의 흐름은 자연스러운 편이나 일부 요소가 겹쳐 집중력이 분산될 수 있다.",6.0,"전체적인 구성은 전통적인 축제 포스터 형식을 따르고 있어 새로움이 다소 부족하다. 금색 소 디자인은 독특한 모티프로서의 가치를 가지나, 색상과 형태에서 좀 더 실험적인 변주가 가능해 보인다. 독창성 면에서는 보완 여지가 있다."
경남_47,2025,경남,제30회_김해분청도자기축제,C:\workspace\uv_festival\홍보물\2025\경남\제30회_김해분청도자기축제\포스터\제30회_김해분청도자기축제_poster_01_20251105.png,8,진한 보라색과 연한 녹색의 대비가 조화롭게 어우러져 시각적으로 안정감이 뛰어납니다. 큰 숫자 30의 중심 배치와 내부 일러스트가 리듬감 있게 조형되어 예술성이 높습니다.,9,도자기 축제라는 주제에 맞게 도자기와 전통 문양 일러스트가 숫자 30 내부에 배치되어 텍스트와 이미지가 의미적으로 잘 연결되어 있습니다. 전통과 현대가 어우러지는 콘셉트가 일관성 있게 표현되었습니다.,7,보라색 배경에 대비되는 밝은 녹색과 흰색 텍스트가 가독성을 확보하였으나 일부 텍스트 크기가 작아 자세한 정보는 판독이 어려운 부분이 있습니다. 정보의 계층 구조는 잘 구성되어 있으나 시선 흐름이 약간 집중 경향을 가집니다.,8,기존 축제 포스터에서 보기 드문 대형 숫자 내부를 다양한 전통 이미지로 채운 형식적 참신성이 돋보입니다. 색상 구성과 모티프 사용이 독창적이며 전반적 연출에 신선함이 있습니다.
경남_49,2025,경남,제35회_거창국제연극제,C:\workspace\uv_festival\홍보물\2025\경남\제35회_거창국제연극제\포스터\제35회_거창국제연극제_poster_05_20250725.jpg,8.5,선명한 노란색 배경과 원색 조합으로 강렬한 대비와 조화를 이루고 있습니다. 중앙 인물의 강한 컬러 포인트와 불규칙한 형태가 독특한 리듬감을 주어 시선을 끕니다. 전체적으로 구도는 안정적이며 시각적 균형을 잘 유지하고 있습니다.,9,"극제의 핵심인 연극과 인간, 자연이라는 주제를 이미지와 텍스트가 잘 결합하여 표현했습니다. 다채로운 색상으로 국제적이고 다양성을 강조하는 느낌을 주며, 제목과 행사 정보가 명확하게 연결되어 있습니다. 텍스트와 이미지의 의미적 연관성이 뛰어납니다.",8,"글자와 배경 간 높은 대비 덕분에 주요 정보는 쉽게 읽힙니다. 제목-일정-장소로 이어지는 구조가 명확하지만, 하단의 작은 정보들은 가독성이 상대적으로 떨어질 수 있습니다. 시선 흐름은 자연스러워 정보를 빠르게 인식하기 좋습니다.",9,"흑백 인물 사진에 강렬한 원색을 부분적으로 입히는 시도가 매우 참신합니다. 전체적인 시각 패턴과 색상 배합이 독창적이며, 전통적인 축제 포스터 형식을 벗어난 독특한 연출이 돋보입니다. 표현 방식에서 높은 창의성을 확인할 수 있습니다."
경남_48,2025,경남,제30회_부곡온천축제,C:\workspace\uv_festival\홍보물\2025\경남\제30회_부곡온천축제\포스터\제30회_부곡온천축제_poster_01_20250328.jpg,7,부드러운 분홍색 배경과 화사한 꽃 이미지가 조화를 이루어 온천 축제의 따뜻함을 잘 표현했습니다. 중앙의 큰 타이포그래피가 시선을 집중시키며 화면 구도가 안정적입니다. 다만 일부 텍스트와 이미지가 다소 밀집되어 시각적 여유가 부족해 보입니다.,8,"전체적으로 온천과 자연의 행복을 주제로 한 메시지가 명확하게 전달됩니다. 제목, 부제, 캐릭터 이미지와 관련 일정이 시각적으로 잘 연결되어 행사 콘셉트와 일치합니다. 다만 일부 텍스트가 작아 직관적 연결고리가 약한 부분도 있습니다.",6,"글씨 색상 대비는 적절한 편이나 배경과 텍스트가 겹쳐 일부 정보가 눈에 잘 띄지 않는 경우가 있습니다. 정보 구조는 계층적으로 잘 분리되어 있으나, 텍스트 크기와 위치로 인해 시선 흐름이 약간 분산되는 느낌입니다. 자연스러운 시선 유도를 보완할 필요가 있습니다.",7,전형적인 축제 포스터 형식을 따르면서도 온천 캐릭터와 화사한 엘리먼트가 친숙하면서도 신선한 변화를 줍니다. 색상과 구성은 무난하지만 독특한 요소나 새로운 시각적 시도는 다소 제한적입니다. 표현에 있어 좀 더 창의적인 연출이 가능해 보입니다.
경남_45,2025,경남,제2회_부원동_뒷고기_축제,C:\workspace\uv_festival\홍보물\2025\경남\제2회_부원동_뒷고기_축제\포스터\제2회_부원동_뒷고기_축제_poster_01_20251026.png,7,"전체적으로 색채가 따뜻하고 명도 대비가 적절하며, 균형 잡힌 구도를 보여줍니다. 하지만 뒷고기 이미지와 하단 일러스트의 스타일 차이가 약간 통일감을 저해합니다.",9,"포스터 내 텍스트와 이미지가 축제 주제인 뒷고기와 잘 어울리며, 콘셉트가 명확하게 전달됩니다. 주요 정보와 시각 요소의 일치도가 높아 주제와 시각의 연계가 효과적입니다.",8,"텍스트 배치가 명확하고 배경과 대비도 좋아 가독성이 우수합니다. 날짜, 장소 등 정보의 위계 구조도 잘 구분되어 있으며, 시선 흐름도 자연스럽습니다.",6,기본적인 축제 포스터 형식을 따르고 있어 참신성은 다소 떨어집니다. 그러나 아기자기한 캐릭터 일러스트와 축제 부스 구성은 독창성을 어느 정도 보여줍니다.
경남_50,2025,경남,제37회_아라가야문화제,C:\workspace\uv_festival\홍보물\2025\경남\제37회_아라가야문화제\포스터\제37회_아라가야문화제_poster_01_20250910.jpg,8.0,부드러운 그라데이션 배경과 대비되는 진한 자주색 텍스트가 시각적 안정감을 준다. 중앙의 대형 타이포그래피와 전통 문화 요소가 균형 있게 배치되어 조형 완성도가 높다.,9.0,"텍스트와 이미지가 아라가야 문화제를 명확히 드러내며 일체감을 형성한다. 전통 유물을 모티프로 한 시각 요소와 정확한 날짜, 장소 정보가 콘셉트와 잘 맞아떨어진다.",8.5,"글자 색과 배경의 대비가 우수해 가독성이 높다. 제목, 날짜, 공연 정보가 계층적으로 잘 구분되어 시선 흐름이 자연스럽다.",7.0,전통 문양을 텍스트와 결합한 시도가 신선하다. 다만 전체적인 디자인 형식은 비교적 정형화되어 있어 독창성 측면에서 다소 보수적인 편이다.
경남_53,2025,경남,제3회_합천황토한우축제,C:\workspace\uv_festival\홍보물\2025\경남\제3회_합천황토한우축제\포스터\제3회_합천황토한우축제_poster_05_20251024.jpg,7,"전반적으로 따뜻한 톤과 조화로운 색상이 사용되어 친근감이 느껴집니다. 캐릭터와 아이콘들의 배치가 균형있고 안정적이지만, 다소 단순한 구성으로 시각 리듬감은 약간 부족합니다.",9,"한우 축제의 주제를 명확하게 전달하며, 텍스트와 이미지 간의 의미적 연결이 뛰어납니다. 축제의 다양한 요소들이 시각적으로 잘 통합되어 콘셉트 일관성이 뛰어납니다.",8,"배경과 텍스트 간 충분한 대비로 가독성이 좋으며, 날짜와 장소 등 주요 정보가 계층적으로 명확하게 구성되어 있습니다. 시선 흐름도 자연스러워 정보를 쉽게 습득할 수 있습니다.",6,"전통적 축제 포스터 형식을 따르면서도 귀여운 캐릭터와 간단한 일러스트로 친근함을 살렸으나, 전체적인 구성과 표현에서 큰 새로움은 다소 부족한 편입니다."
경남_51,2025,경남,제39회_비사벌문화제,C:\workspace\uv_festival\홍보물\2025\경남\제39회_비사벌문화제\포스터\제39회_비사벌문화제_poster_01_20251024.jpg,8,"색채는 밤하늘과 노란 달의 대비가 돋보이며, 색상 조화가 안정적입니다. 중앙의 큰 글씨와 산의 배경이 균형을 이루고 있어 시각적 안정감이 우수합니다. 다양한 사진과 일러스트가 조화롭게 어우러져 조형 완성도가 높습니다.",9,"축제의 주제인 '비사벌 문화제'와 자연, 전통 이미지가 잘 연결되어 있습니다. 텍스트와 이미지가 행사 컨셉인 전통과 문화 축제와 일관되게 매치되어 주제 전달이 명확합니다. 제목과 행사 일정이 시각적으로도 일관성 있게 표현되었습니다.",7,주요 정보인 행사명과 날짜는 명확한 대비와 크기로 가독성이 좋습니다. 다만 하단 일정표 텍스트는 작고 조밀해 읽기 다소 어려울 수 있습니다. 시선 흐름이 자연스럽지만 정보 과다로 인한 다소 복잡함이 있습니다.,7,"달을 배경으로 한 구성과 전통복장의 인물, 다양한 축제 사진의 조합은 신선한 연출입니다. 색상과 모티프에 새로운 변주가 있으나, 전체적으로는 기존 축제 포스터 문법을 크게 벗어나지 않는 편입니다. 독창적인 요소가 일부 돋보입니다."
경남_36,2025,경남,제20회_창녕낙동강유채축제,C:\workspace\uv_festival\홍보물\2025\경남\제20회_창녕낙동강유채축제\포스터\제20회_창녕낙동강유채축제_poster_01_20250410.jpg,7.5,"노란색 유채꽃을 중심으로 한 색채 구성은 따뜻하고 화사하며, 명도와 채도 대비가 적절하다. 구도는 상단 중심에 주요 텍스트와 이미지가 배치되어 시각적 안정감을 준다. 다만 캐릭터와 드론 이미지가 다소 분산되어 조형 완성도에서는 약간의 통일감 부족을 보인다.",8.0,"축제의 주요 테마인 유채꽃과 자연, 창녕 지역 특성을 잘 반영하고 있으며 텍스트와 이미지가 의미적으로 잘 연결되어 있다. 캐릭터와 행사 정보 등이 콘셉트와 조화롭게 어우러져 시각과 주제 간 일관성이 높다. 다만 드론쇼 정보는 주제와의 연계에서 약간 이질적으로 느껴질 수 있다.",8.5,"글자 색과 배경의 대비가 좋아 텍스트 읽기에 무리가 없다. 제목, 날짜, 장소 등의 주요 정보가 계층적으로 잘 정리되어 있으며 시선 흐름도 자연스럽다. 다만 글자 크기 차이와 다양한 폰트 사용이 다소 산만함을 유발할 수 있다.",7.0,"전통적인 축제 포스터 형식을 따르면서도 손글씨 느낌의 서체와 캐릭터 사용으로 독창성을 더했다. 하지만 전체적인 구성과 시각 요소는 비교적 평범한 편이며, 새롭고 독특한 시도는 제한적이다."
경남_54,2025,경남,제41회_김해진영단감축제,C:\workspace\uv_festival\홍보물\2025\경남\제41회_김해진영단감축제\포스터\제41회_김해진영단감축제_poster_01_20251031.jpg,7.5,"명도와 채도 대비가 적절하여 시선을 끌고 있으며, 주황, 초록 등 가을을 상징하는 색상 조화가 잘 이루어져 있습니다. 구도는 중앙 정렬로 안정적이지만 다소 평범한 구성입니다. 일러스트와 사진이 잘 어우러져 전체적인 통일감이 좋습니다.",8.0,‘단감축제’라는 주제가 텍스트와 이미지를 통해 명확하게 전달됩니다. 행사 콘셉트인 감과 가을 축제 분위기가 색상과 일러스트로 잘 표현되어 있습니다. 전체적으로 텍스트와 이미지가 일관성 있게 조화를 이루고 있습니다.,9.0,"배경과 글자 색이 뚜렷하여 텍스트 판독에 무리가 없습니다. 중요한 정보(축제명, 날짜, 장소)가 계층적으로 잘 구성되어 있으며, 시선 흐름도 자연스럽게 유도됩니다. 다만 하단 인물 소개 부분은 다소 복잡해 보일 수 있습니다.",6.5,"전체적인 형식은 전통적인 축제 포스터 문법에 충실하며, 참신함보다는 명료성에 집중한 구성입니다. 시각 패턴과 모티프가 표준적이고 독자적 연출은 제한적입니다. 다만 단감 모티프의 단순한 일러스트 사용은 친근감을 더합니다."
경남_56,2025,경남,제5회_감악산_꽃&별여행,C:\workspace\uv_festival\홍보물\2025\경남\제5회_감악산_꽃&별여행\포스터\제5회_감악산_꽃&별여행_poster_01_20250922.jpg,8,"보랏빛 라벤더와 노을빛 하늘의 명도·채도 대비가 인상적이며 색상 조화가 뛰어납니다. 구도는 좌측 하단에서 상단 우측으로 이어지는 시선 흐름이 자연스럽고, 풍력발전기가 중심 역할을 하여 안정감을 줍니다. 사진의 조형 완성도가 높아 전체적으로 완성도가 뛰어납니다.",9,"‘보랏빛 노을 속으로’라는 텍스트와 이미지가 잘 맞아떨어져 행사 주제인 자연과 꽃 여행이 명확하게 전달됩니다. 텍스트와 자연 풍경이 유기적으로 연결되어 주제의 일관성이 뛰어나며, 시각적·언어적 표현이 조화를 이룹니다.",7,"배경과 텍스트 색상 대비가 적절해 가독성이 양호하지만, 일부 글자 윤곽이 부드럽게 처리되어 멀리서 볼 때 약간 흐려질 수 있습니다. 정보 구조가 명확하게 구분돼 시선 흐름에 큰 방해가 없으나 날짜 정보가 조금 작게 느껴질 수 있습니다.",6,"기본적인 축제 포스터 구성에 충실하며 색상과 풍경 선택에서 신선함을 느낄 수 있으나, 형식적 변주나 시각적 실험성은 다소 제한적입니다. 전반적으로 무난한 연출이지만 독창적인 시각 패턴이나 표현에서는 특별한 시도가 부족합니다."
경남_55,2025,경남,제50회_의령_홍의장군축제,C:\workspace\uv_festival\홍보물\2025\경남\제50회_의령_홍의장군축제\포스터\제50회_의령_홍의장군축제_poster_01_20250417.jpg,8,"명도와 채도가 적절히 조화되어 따뜻하고 친근한 분위기를 연출합니다. 중심 배치가 명확하며, 전체적인 구도 균형과 형태 리듬감이 뛰어나 안정감이 느껴집니다.",9,"제목과 이미지, 부제의 연결성이 매우 높아 주제인 '홍의장군축제'의 역사적 의미와 현대적 만남을 잘 표현했습니다. 행사 콘셉트와 시각적 요소가 일관성 있게 조화를 이루고 있습니다.",8,"글자와 배경 간 대비가 충분하여 판독성이 좋고, 제목-날짜-장소 순으로 정보 구조가 명확하게 구성되어 있습니다. 시선 흐름도 자연스러워 정보를 쉽게 파악할 수 있습니다.",7,"전통적 행사 포스터 형식에 충실하면서도 현대적 일러스트 스타일과 색채로 신선한 느낌을 줍니다. 다만 독창성 측면에서 극적인 변주는 적으나, 전반적인 연출이 깔끔하고 효과적입니다."
경남_57,2025,경남,제63회_거제옥포대첩_축제,C:\workspace\uv_festival\홍보물\2025\경남\제63회_거제옥포대첩_축제\포스터\제63회_거제옥포대첩_축제_poster_01_20250613.jpg,8,"짙은 남색 배경과 붉은색 갑옷 군복의 색 대비가 강렬하며, 글씨와 이미지가 조화롭게 균형을 이룹니다. 인물의 세부 묘사와 붓글씨 형태가 어우러져 전체적인 조형 완성도가 높습니다.",9,"‘건투’라는 주제와 전통 갑옷을 입은 인물 이미지, 행사 내용이 잘 결합되어 축제의 역사성과 전통 콘셉트가 명확하게 전달됩니다. 텍스트와 시각적 요소들 간의 의미 연계가 매우 뛰어납니다.",7,주요 정보인 날짜와 장소가 잘 배치되었으며 글자 대비도 좋아 판독이 쉽습니다. 다만 붓글씨 제목이 시선을 많이 끌지만 일부 사람에게는 해독이 다소 어려울 수 있어 가독성에서 약간 아쉬움이 있습니다.,7.5,전통적 소재를 현대적 일러스트 기법과 붓글씨 타이포그래피로 재해석해 신선한 시도를 보입니다. 다만 큰 틀의 구성은 축제 포스터의 전형적인 형식을 따르는 편입니다.
경남_52,2025,경남,제3회_칠서생태공원_청보리·작약축제,C:\workspace\uv_festival\홍보물\2025\경남\제3회_칠서생태공원_청보리·작약축제\포스터\제3회_칠서생태공원_청보리·작약축제_poster_01_20250509.jpg,8,"청량한 블루 스카이와 자연 풍경의 조화가 색채 구성을 잘 살렸습니다. 주요 텍스트가 중앙에 균형감 있게 배치되어 시각적 안정감을 줍니다. 다만, 약간의 광원 효과가 자연스러움을 약간 해칠 수 있습니다.",9,청보리와 작약꽃을 전면에 내세워 축제의 주제와 이미지가 밀접하게 연결되어 있습니다. 텍스트와 이미지가 조화를 이루며 푸른 자연을 강조해 장소와 콘셉트에 적합합니다. 주제 전달이 명확합니다.,9,"배경과 흰색 텍스트 간 대비가 뛰어나 가독성이 좋습니다. 정보가 눈에 잘 띄게 위계 구조를 이루어 일정, 장소 등이 쉽게 구분됩니다. 시선 흐름도 상단에서 하단으로 자연스럽게 이어집니다.",7,"전통적인 축제 포스터 구성에 충실하며, 자연과 관련된 이미지 사용이 신선함을 줍니다. 독창적인 시각 패턴이나 실험적인 표현은 적으나, 깔끔하고 효과적인 연출로 안정적인 완성도를 나타냅니다."
경남_58,2025,경남,제63회_진해군항제,C:\workspace\uv_festival\홍보물\2025\경남\제63회_진해군항제\포스터\제63회_진해군항제_poster_02_20250329.jpg,8.5,분홍색 계열의 색채가 명도와 채도에서 조화를 이루며 봄 분위기를 잘 표현했습니다. 꽃잎과 인물들이 배치된 구도가 균형감 있고 시각적 안정감을 줍니다. 일러스트와 사진 느낌이 혼합되어 있지만 전체적으로 통일감 있고 리듬감 있는 형태를 보여줍니다.,9.0,"포스터의 꽃과 인물들이 봄 축제라는 주제와 잘 부합하며 텍스트와도 의미적으로 연결되어 있습니다. 제목과 시각요소가 축제의 활기찬 분위기를 잘 전달하며, 콘셉트의 일관성이 우수합니다. 텍스트와 이미지가 시멘틱 면에서 조화를 이루고 있습니다.",7.5,"배경과 텍스트 간 대비가 뚜렷해 가독성이 높으나 일부 작은 글자는 상대적으로 판독이 다소 어려울 수 있습니다. 제목과 날짜 등 주요 정보가 계층적으로 구성되어 있지만, 세로 배열은 시선 흐름에 약간의 부자연스러움을 줄 수 있습니다.",8.0,꽃잎과 인물들이 유기적으로 어우러진 점에서 형식적 참신성이 돋보입니다. 전통적인 축제 포스터 틀에서 벗어나 시각적 패턴과 모티프를 다양하게 활용해 독자적인 연출 효과를 냈습니다. 전반적으로 신선하고 창의적인 비주얼 표현이 인상적입니다.
경남_60,2025,경남,제64회_통영한산대첩축제,C:\workspace\uv_festival\홍보물\2025\경남\제64회_통영한산대첩축제\포스터\제64회_통영한산대첩축제_poster_02_20250809.jpg,8,빨강과 자연풍경의 색채 대비가 강렬하고 조화롭게 어우러져 시각적 임팩트가 뛰어납니다. 구도는 오른쪽의 장수상과 배경의 풍경이 균형 있게 배치되어 안정감이 있습니다. 조형 완성도 역시 조각상과 배경사진의 통일감이 잘 유지되어 있습니다.,9,"포스터의 텍스트와 이미지가 '통영한산대첩축제'라는 역사적 주제와 강하게 연결되어 있습니다. 장수상과 성곽, 그리고 주요 일정 정보가 한데 어우러져 행사 주제와 콘셉트를 명확히 전달합니다. 텍스트와 시각적 요소의 의미적 일치도 매우 우수합니다.",7,"빨강 배경에 흰색, 노란색 텍스트의 대비가 잘 되어 있지만, 일부 글씨체는 붓글씨 느낌으로 가독성이 약간 떨어질 수 있습니다. 정보 구조는 날짜, 장소 등이 계층적으로 배치되어 이해가 쉽습니다. 시선의 흐름도 위에서 아래로 자연스럽게 이어집니다.",7,"기존 축제 포스터 형식을 따르면서도 붓글씨와 장수상 이미지 활용으로 한국적이고 독창적인 분위기를 잘 살렸습니다. 색상 활용과 구도의 변주가 신선하며, 전통과 현대적 감각의 조합이 돋보입니다. 다만 전반적 틀에서는 큰 실험성은 적은 편입니다."
경남_61,2025,경남,제67회_밀양아리랑대축제,C:\workspace\uv_festival\홍보물\2025\경남\제67회_밀양아리랑대축제\포스터\제67회_밀양아리랑대축제_poster_01_20250522.jpg,8,"선명한 원색과 다양한 색채가 조화를 이루어 시각적으로 매우 매력적입니다. 화려한 곡선과 균형 잡힌 구도가 전체적으로 안정감을 주며, 전통적 이미지와 현대적 디자인 요소가 잘 결합되어 있습니다.",9,"밀양아리랑 축제의 전통성과 희망이라는 주제가 텍스트와 이미지에서 명확히 드러납니다. 전통 의상과 건축물, 그리고 행사의 핵심 메시지가 시각적으로 일관되게 전달되어 주제 적합성이 뛰어납니다.",7,"글자 색과 배경의 대비가 충분해 대부분의 텍스트가 잘 읽히나, 일부 컬러 포인트는 시선 분산을 유발할 수 있습니다. 정보 계층 구조가 명확하며 날짜와 장소 안내도 적절하게 배치되어 자연스러운 시선 흐름을 유도합니다.",8,전통적인 축제 포스터 형식에 곡선과 색채 사용을 통한 신선한 변주가 돋보입니다. 다채로운 시각 모티프와 함께 현대적인 그래픽 요소를 배합해 독창적이고 참신한 연출을 완성했습니다.
경남_59,2025,경남,제64회_3.1민속문화제,C:\workspace\uv_festival\홍보물\2025\경남\제64회_3.1민속문화제\포스터\제64회_3.1민속문화제_poster_01_20250228.jpg,7.5,"전통적인 붓글씨와 태극 문양의 조화가 돋보이며, 색채는 붉은색과 푸른색 대비로 강렬함을 준다. 하지만 전체 구도가 약간 복잡하고 하단 이미지들이 시각적 무게 중심을 분산시켜 균형감이 다소 떨어진다.",9.0,"포스터 제목과 이미지, 행사 날짜 및 장소가 명확히 연결되어 민속문화축제의 주제가 잘 드러난다. 태극 문양과 전통 행사 사진이 한국 민속과 문화적 콘셉트를 효과적으로 전달한다.",6.5,"주요 날짜와 장소가 색상 대비를 통해 잘 식별되나, 하단의 작은 글씨들은 다소 복잡하고 가독성이 떨어진다. 텍스트의 계층적 구성이 명확하지만 시선 흐름이 상단 중심에서 하단으로 다소 분산된다.",7.0,전통적 붓글씨와 태극 문양을 현대적으로 재해석한 점이 참신하다. 다만 전체 구성은 전형적인 축제 포스터 형식을 따르고 있어 독창성 면에서는 약간 보수적인 편이다.
경남_63,2025,경남,제6회_거창韓_거창산양삼축제,C:\workspace\uv_festival\홍보물\2025\경남\제6회_거창韓_거창산양삼축제\포스터\제6회_거창韓_거창산양삼축제_poster_01_20250516.jpg,7.0,"색채 구성은 전통적 색상과 조화롭게 어우러져 있으며, 명도와 채도의 대비가 적절해 눈에 편안하다. 구도는 중앙의 원형 배경을 중심으로 안정감을 주며, 일러스트도 전체적으로 통일감 있다.",8.0,"산양삼 축제라는 주제에 맞는 산양삼 이미지와 전통적인 장면들이 조화롭게 배치되어 의미적 연결이 잘 이루어졌으며, 행사 내용을 직관적으로 전달한다. 텍스트와 시각 요소가 콘셉트와 잘 맞아 통일성이 높다.",7.5,"주제 텍스트와 날짜, 장소 정보가 명확하게 구분되어 있고 배경과 텍스트 색의 대비가 좋아 가독성이 좋다. 단, 전체적으로 텍스트 크기가 조금 균일해서 정보 간 시선 흐름 면에서 약간의 아쉬움이 있다.",6.5,"전통 축제 포스터 형식을 따르면서도 캐릭터 일러스트와 색상 배치에서 일정 수준의 신선함을 보여준다. 다만, 큰 틀의 형식 변화나 독특한 시각 패턴은 상대적으로 적어 독창성은 중간 수준이다."
경남_64,2025,경남,제6회_대한민국_함안_수박축제,C:\workspace\uv_festival\홍보물\2025\경남\제6회_대한민국_함안_수박축제\포스터\제6회_대한민국_함안_수박축제_poster_01_20250426.jpg,7,"밝고 경쾌한 색채구성과 채도 대비로 시각적 활력이 돋보입니다. 구도는 중앙 하단 무대와 텍스트가 균형 있게 배치되어 안정감을 줍니다. 다만, 일러스트 스타일이 다소 단순하여 조형 완성도 면에서는 보완의 여지가 있습니다.",8,"수박 축제라는 주제를 글자 내 수박 일러스트와 행사 이미지로 효과적으로 표현했습니다. 날짜, 장소 정보와 시각 요소가 축제 분위기와 잘 어우러져 콘셉트가 명확합니다. 텍스트와 이미지의 의미적 연결도 일관성 있게 유지되고 있습니다.",8,"배경과 텍스트 색의 대비가 뛰어나 글자가 잘 읽힙니다. 정보는 제목, 날짜, 장소 등으로 명확히 구분되어 계층적으로 구성되어 있습니다. 시선이 위에서 아래로 자연스럽게 흐르도록 배치되어 가독성이 우수합니다.",6,전체적으로 전통적인 축제 포스터 형식을 따르면서 일부 글자 내 수박 모티프 등에서 창의적인 변주가 눈에 띕니다. 구성과 색상은 안정적이나 참신한 시각 패턴이나 독창적인 연출은 다소 부족한 편입니다.
경남_62,2025,경남,제6회_거창_아리미아_꽃_축제,C:\workspace\uv_festival\홍보물\2025\경남\제6회_거창_아리미아_꽃_축제\포스터\제6회_거창_아리미아_꽃_축제_poster_03_20250516.jpg,8,"보라색과 분홍색의 부드러운 색채 조화가 신비롭고 몽환적인 분위기를 잘 연출했습니다. 고래 이미지와 하늘, 구름의 자연스러운 배치로 균형감을 이루고 있으며, 글씨체와 일러스트가 조화롭게 어우러져 조형 완성도가 높습니다.",9,"고래와 하늘, 꿈이라는 시각 요소가 제목과 완벽하게 연결되어 축제 주제를 효과적으로 전달합니다. 지역 특화 축제인 아리미아 꽃축제의 자연과 꿈이라는 콘셉트를 일관되게 표현하며 시각과 텍스트의 의미적 매칭이 우수합니다.",7,"텍스트는 배경과 충분한 대비를 이루지만 일부 색상(초록, 주황)이 섞여 있어 가독성에 다소 영향을 미칩니다. 정보 구조는 명확하며 시선 흐름도 자연스러우나, 주요 날짜 정보에 색상 변화가 집중되어 약간의 시선 분산이 발생합니다.",8,"몽환적인 고래 이미지와 손글씨 느낌의 타이포그래피 조합은 기존 축제 포스터와 차별화된 독창성을 부여합니다. 구름과 하늘 배경, 그리고 고래의 은은한 등장으로 시각 패턴이 다양하며 전체적으로 신선한 표현 방식을 보여줍니다."
경남_66,2025,경남,제9회_하동섬진강문화재첩축제,C:\workspace\uv_festival\홍보물\2025\경남\제9회_하동섬진강문화재첩축제\포스터\제9회_하동섬진강문화재첩축제_poster_01_20250620.jpg,7,밝고 산뜻한 색채 구성과 안정적인 구도로 전체적으로 조화롭고 편안한 느낌을 준다. 일러스트의 통일성과 리듬감이 다소 평이하지만 축제 분위기에 적합하다.,8,"텍스트와 이미지가 하동 섬진강 재첩축제라는 주제와 잘 맞으며, 자연과 힐링의 콘셉트가 일관되게 표현되었다. 축제의 핵심 메시지가 명확하게 전달된다.",8,"텍스트 대비가 좋아 배경과 글자 색 구분이 명확하고, 정보가 제목-날짜-장소 순으로 계층적으로 잘 배치되어 있다. 시선 흐름도 자연스럽고 읽기 편하다.",6,"전반적으로 익숙한 축제 포스터 양식을 유지하며, 일부 색상과 요소에서 약간의 신선함을 보인다. 하지만 독특한 시각 패턴이나 표현의 새로움은 다소 부족하다."
경남_65,2025,경남,제6회_선진리성_벚꽃축제,C:\workspace\uv_festival\홍보물\2025\경남\제6회_선진리성_벚꽃축제\포스터\제6회_선진리성_벚꽃축제_poster_02_20250329.jpg,8.5,"벚꽃의 연분홍색과 흰 배경의 조화가 매우 아름답고 색채 대비가 적절합니다. 구도도 중앙의 도로와 나무들, 그리고 상단의 벚꽃이 균형감 있게 배치되어 시각적 안정감을 줍니다. 전체적으로 일러스트 스타일의 통일감과 리듬감이 잘 살아있습니다.",9.0,벚꽃 축제라는 주제와 벚꽃 이미지가 명확하고 일치합니다. 날짜와 장소 정보도 시각적으로 잘 연결되어 행사 콘셉트와 완벽히 어우러집니다. 텍스트와 이미지가 의미적으로 강한 연관성을 보이며 주제 전달이 효과적입니다.,8.0,"글자 색과 배경의 대비가 명확해 가독성이 높으나, 일부 작은 글자(개막식 시간)가 조금 아쉽습니다. 제목, 날짜, 장소가 계층적으로 잘 조직되어 정보를 쉽게 파악할 수 있습니다. 시선 흐름도 자연스럽고 주요 정보를 빠르게 인식할 수 있습니다.",7.5,"전통적인 축제 포스터 구성에 충실하면서도 벚꽃 나무와 도로를 활용한 시각적 전개가 신선합니다. 색상과 모티프의 다양성은 다소 제한적이지만, 전체적인 연출과 표현은 독자적이고 참신함을 느끼게 합니다."
경남_68,2025,경남,창포원_힐링치유_봄축제(가칭),C:\workspace\uv_festival\홍보물\2025\경남\창포원_힐링치유_봄축제(가칭)\포스터\창포원_힐링치유_봄축제(가칭)_poster_05_20250516.png,7.5,"전체적으로 봄의 분위기에 맞는 부드러운 분홍과 파랑 계열의 색채 대비가 잘 조화되어 있으며, 텍스트 중심의 균형 잡힌 구도로 안정감을 준다. 다만, 주변 꽃 일러스트의 통일감과 조형 리듬이 조금 더 강화되면 완성도가 높아질 것이다.",8.5,"포스터의 텍스트와 이미지가 봄 축제라는 주제를 명확히 반영하고 있어 시각-텍스트의 일치성이 뛰어나다. 행사명, 날짜, 장소 등이 잘 매칭되어 콘셉트가 일관되며, 봄꽃과 휴식이라는 메시지가 잘 표현되어 있다.",8.0,"중요 정보별로 명확한 색 대비를 활용해 가독성이 좋아 눈에 잘 들어온다. 제목과 날짜, 부가 안내 정보가 계층적으로 잘 배치되어 있으며 시선의 흐름도 자연스럽다. 다만, 하단 주요행사 텍스트가 다소 작아 보완될 필요가 있다.",6.5,"전체 레이아웃과 색상 구성은 무난한 편이며, 전통적인 축제 포스터 형식을 크게 벗어나지 않는다. 꽃 일러스트의 활용이 다소 일반적이며, 독창적인 시각적 변주가 좀 더 증대되면 더욱 인상적일 것이다."
경남_67,2025,경남,지리산산청곶감축제위원회,C:\workspace\uv_festival\홍보물\2025\경남\지리산산청곶감축제위원회\포스터\지리산산청곶감축제위원회_poster_01_20250102.jpg,7.5,"색채 구성은 따뜻한 오렌지색과 차분한 청록색이 조화를 이루어 시각적 안정감을 준다. 구도는 중앙과 하단에 주요 요소들이 배치되어 균형감이 있으나, 상단의 로고와 텍스트가 다소 분산되어 있다. 조형 완성도는 문자와 이미지가 통일된 스타일을 유지하며 형태 리듬감이 잘 살아있다.",8.5,"텍스트와 이미지가 '지리산 산청곶감축제'라는 주제와 매우 잘 연결되어 있다. 행사의 핵심 테마인 곶감과 지역성을 강조했으며, 전반적인 콘셉트와 시각 표현이 일관적이다. 텍스트와 시각적 요소가 의미적으로 잘 맞아떨어진다.",8.0,"주요 날짜와 장소 정보는 명확하게 대비되어 가독성이 우수하다. 제목과 부가 정보가 위계에 따라 잘 구조화되어 눈의 흐름이 자연스럽다. 다만, 상단의 후원 문구는 다소 글자 크기와 줄 간격이 조밀해 약간의 가독성 저하가 있다.",6.0,전통적이고 친숙한 문양과 색상을 사용해 안정적인 표현을 보인다. 독창적인 시각 문법이나 참신한 패턴 적용보다는 보편적 구성에 의존한 점이 다소 아쉽다. 다만 귀여운 캐릭터 도입으로 친근감을 준 점은 긍정적이다.
